vehicle_id,title,description,url,make,model,year,mileage.value,mileage.unit,image[0].url,image[0].tag[0],transmission,fuel_type,body_style,drivetrain,vin,condition,price,address,exterior_color,sale_price,availability,state_of_vehicle,latitude,longitude,custom_label_0
63550,ŠKODA FABIA COMBI CLASSIC,Oferta leasingu online,https://sklep.skoda-auto.pl/skoda-fabia-combi-classic-1-0-tsi-70-kw-95-km-5-biegowa-manualna-biel-moon-metalizowany-tmbjp6nj9nz007343.html,ŠKODA,FABIA COMBI CLASSIC,2021,1,KM,https://sklep.skoda-auto.pl/media/catalog/product/cache/779e34063ea37c481ddb6652b1f2b61e/e/b/ebd7fcdc9c69d77e7558005d123377ae-TMBJP6NJ9NZ007343-EF.png,WAGON,MANUAL,GASOLINE,WAGON,FWD,TMBJP6NJ9NZ007343,EXCELLENT,64000 PLN,"{addr1: ' Mielecka 592', city: 'Mielec', region: 'Silesian Voivodeship', postal_code: '39-300', country: 'Poland'}",Biel Moon Metalizowany,669.61 PLN,AVAILABLE,NEW,50.27775,21.38158,1.0 TSI 95 KM
63467,ŠKODA FABIA COMBI CLASSIC,Oferta leasingu online,https://sklep.skoda-auto.pl/skoda-fabia-combi-classic-1-0-mpi-44-kw-60-km-5-biegowa-manualna-blekit-energy-niemetalizowany-tmbja6nj2nz010389.html,ŠKODA,FABIA COMBI CLASSIC,2021,1,KM,https://sklep.skoda-auto.pl/media/catalog/product/cache/779e34063ea37c481ddb6652b1f2b61e/9/4/94e449544df9174a5733d432fd2de961-TMBJA6NJ2NZ010389-EF.png,WAGON,MANUAL,GASOLINE,WAGON,FWD,TMBJA6NJ2NZ010389,EXCELLENT,61400 PLN,"{addr1: 'Warszawska 84', city: 'Stojadła', region: 'Silesian Voivodeship', postal_code: '05-300', country: 'Poland'}",Błękit Energy Niemetalizowany,689.66 PLN,AVAILABLE,NEW,52.192068,21.526454,1.0 MPI 60 KM
63053,ŠKODA FABIA COMBI CLASSIC,Oferta leasingu online,https://sklep.skoda-auto.pl/skoda-fabia-combi-classic-1-0-tsi-70-kw-95-km-5-biegowa-manualna-blekit-race-metalizowany-tmbjp6njxnz007013.html,ŠKODA,FABIA COMBI CLASSIC,2021,1,KM,https://sklep.skoda-auto.pl/media/catalog/product/cache/779e34063ea37c481ddb6652b1f2b61e/e/2/e2652999c939833abc889a13bec8418e-TMBJP6NJXNZ007013-EF.png,WAGON,MANUAL,GASOLINE,WAGON,FWD,TMBJP6NJXNZ007013,EXCELLENT,67750 PLN,"{addr1: ' Mielecka 592', city: 'Mielec', region: 'Silesian Voivodeship', postal_code: '39-300', country: 'Poland'}",Błękit Race Metalizowany,708.85 PLN,AVAILABLE,NEW,50.27775,21.38158,1.0 TSI 95 KM
63573,ŠKODA FABIA COMBI CLASSIC,Oferta leasingu online,https://sklep.skoda-auto.pl/skoda-fabia-combi-classic-1-0-tsi-70-kw-95-km-5-biegowa-manualna-srebrny-brillant-metalizowany-tmbjp6nj4nz007797.html,ŠKODA,FABIA COMBI CLASSIC,2021,1,KM,https://sklep.skoda-auto.pl/media/catalog/product/cache/779e34063ea37c481ddb6652b1f2b61e/2/8/288f422a6d40d94720e503c2527dc242-TMBJP6NJ4NZ007797-EF.png,WAGON,MANUAL,GASOLINE,WAGON,FWD,TMBJP6NJ4NZ007797,EXCELLENT,68450 PLN,"{addr1: 'Krakowska 5/A', city: 'Falenty', region: 'Silesian Voivodeship', postal_code: '05-090', country: 'Poland'}",Srebrny Brillant Metalizowany,716.17 PLN,AVAILABLE,NEW,52.142074,20.906896,1.0 TSI 95 KM
63572,ŠKODA FABIA COMBI CLASSIC,Oferta leasingu online,https://sklep.skoda-auto.pl/skoda-fabia-combi-classic-1-0-tsi-70-kw-95-km-5-biegowa-manualna-srebrny-brillant-metalizowany-tmbjp6nj3nz007810.html,ŠKODA,FABIA COMBI CLASSIC,2021,1,KM,https://sklep.skoda-auto.pl/media/catalog/product/cache/779e34063ea37c481ddb6652b1f2b61e/2/8/288f422a6d40d94720e503c2527dc242-TMBJP6NJ3NZ007810-EF.png,WAGON,MANUAL,GASOLINE,WAGON,FWD,TMBJP6NJ3NZ007810,EXCELLENT,68450 PLN,"{addr1: 'Krakowska 5/A', city: 'Falenty', region: 'Silesian Voivodeship', postal_code: '05-090', country: 'Poland'}",Srebrny Brillant Metalizowany,716.17 PLN,AVAILABLE,NEW,52.142074,20.906896,1.0 TSI 95 KM
63207,ŠKODA FABIA COMBI CLASSIC,Oferta leasingu online,https://sklep.skoda-auto.pl/skoda-fabia-combi-classic-1-0-tsi-70-kw-95-km-5-biegowa-manualna-szary-quarz-metalizowany-tmbjp6njxnz008047.html,ŠKODA,FABIA COMBI CLASSIC,2021,1,KM,https://sklep.skoda-auto.pl/media/catalog/product/cache/779e34063ea37c481ddb6652b1f2b61e/0/4/044a856e69aa68db6e6612f98f731b43-TMBJP6NJXNZ008047-EF.png,WAGON,MANUAL,GASOLINE,WAGON,FWD,TMBJP6NJXNZ008047,EXCELLENT,68500 PLN,"{addr1: 'Obornicka 249', city: 'Poznań', region: 'Silesian Voivodeship', postal_code: '60-693', country: 'Poland'}",Szary Quarz Metalizowany,716.70 PLN,AVAILABLE,NEW,52.448805,16.905748,1.0 TSI 95 KM
63264,ŠKODA FABIA COMBI CLASSIC,Oferta leasingu online,https://sklep.skoda-auto.pl/skoda-fabia-combi-classic-1-0-tsi-70-kw-95-km-5-biegowa-manualna-szary-quarz-metalizowany-tmbjp6nj4nz008688.html,ŠKODA,FABIA COMBI CLASSIC,2021,1,KM,https://sklep.skoda-auto.pl/media/catalog/product/cache/779e34063ea37c481ddb6652b1f2b61e/0/4/044a856e69aa68db6e6612f98f731b43-TMBJP6NJ4NZ008688-EF.png,WAGON,MANUAL,GASOLINE,WAGON,FWD,TMBJP6NJ4NZ008688,EXCELLENT,68500 PLN,"{addr1: ' Mielecka 592', city: 'Mielec', region: 'Silesian Voivodeship', postal_code: '39-300', country: 'Poland'}",Szary Quarz Metalizowany,716.70 PLN,AVAILABLE,NEW,50.27775,21.38158,1.0 TSI 95 KM
63164,ŠKODA FABIA COMBI CLASSIC,Oferta leasingu online,https://sklep.skoda-auto.pl/skoda-fabia-combi-classic-1-0-tsi-70-kw-95-km-5-biegowa-manualna-szary-quarz-metalizowany-tmbjp6nj5nz007517.html,ŠKODA,FABIA COMBI CLASSIC,2021,1,KM,https://sklep.skoda-auto.pl/media/catalog/product/cache/779e34063ea37c481ddb6652b1f2b61e/0/4/044a856e69aa68db6e6612f98f731b43-TMBJP6NJ5NZ007517-EF.png,WAGON,MANUAL,GASOLINE,WAGON,FWD,TMBJP6NJ5NZ007517,EXCELLENT,68500 PLN,"{addr1: 'Obornicka 249', city: 'Poznań', region: 'Silesian Voivodeship', postal_code: '60-693', country: 'Poland'}",Szary Quarz Metalizowany,716.70 PLN,AVAILABLE,NEW,52.448805,16.905748,1.0 TSI 95 KM
63322,ŠKODA FABIA COMBI CLASSIC,Oferta leasingu online,https://sklep.skoda-auto.pl/skoda-fabia-combi-classic-1-0-mpi-44-kw-60-km-5-biegowa-manualna-srebrny-brillant-metalizowany-tmbja6nj1nz009251.html,ŠKODA,FABIA COMBI CLASSIC,2021,1,KM,https://sklep.skoda-auto.pl/media/catalog/product/cache/779e34063ea37c481ddb6652b1f2b61e/7/d/7dbe8cada16b8532383e7353f0e0e6c3-TMBJA6NJ1NZ009251-EF.png,WAGON,MANUAL,GASOLINE,WAGON,FWD,TMBJA6NJ1NZ009251,EXCELLENT,63850 PLN,"{addr1: 'Hutnicza 2 A', city: 'Lubin', region: 'Silesian Voivodeship', postal_code: '59-300', country: 'Poland'}",Srebrny Brillant Metalizowany,717.18 PLN,AVAILABLE,NEW,51.411597,16.185118,1.0 MPI 60 KM
63549,ŠKODA FABIA COMBI CLASSIC,Oferta leasingu online,https://sklep.skoda-auto.pl/skoda-fabia-combi-classic-1-0-tsi-70-kw-95-km-5-biegowa-manualna-srebrny-brillant-metalizowany-tmbjp6nj3nz008598.html,ŠKODA,FABIA COMBI CLASSIC,2021,1,KM,https://sklep.skoda-auto.pl/media/catalog/product/cache/779e34063ea37c481ddb6652b1f2b61e/e/6/e6411e2516cd39eabbe5905e41c7d106-TMBJP6NJ3NZ008598-EF.png,WAGON,MANUAL,GASOLINE,WAGON,FWD,TMBJP6NJ3NZ008598,EXCELLENT,69100 PLN,"{addr1: ' Mielecka 592', city: 'Mielec', region: 'Silesian Voivodeship', postal_code: '39-300', country: 'Poland'}",Srebrny Brillant Metalizowany,722.97 PLN,AVAILABLE,NEW,50.27775,21.38158,1.0 TSI 95 KM
63425,ŠKODA FABIA COMBI CLASSIC,Oferta leasingu online,https://sklep.skoda-auto.pl/skoda-fabia-combi-classic-1-0-tsi-70-kw-95-km-5-biegowa-manualna-srebrny-brillant-metalizowany-tmbjp6nj2nz009614.html,ŠKODA,FABIA COMBI CLASSIC,2021,1,KM,https://sklep.skoda-auto.pl/media/catalog/product/cache/779e34063ea37c481ddb6652b1f2b61e/1/b/1bb210e913b1876fbd9fc20864584f4b-TMBJP6NJ2NZ009614-EF.png,WAGON,MANUAL,GASOLINE,WAGON,FWD,TMBJP6NJ2NZ009614,EXCELLENT,69850 PLN,"{addr1: 'Opolska 2c', city: 'Opole', region: 'Silesian Voivodeship', postal_code: '45-960', country: 'Poland'}",Srebrny Brillant Metalizowany,730.82 PLN,AVAILABLE,NEW,50.697196,17.876002,1.0 TSI 95 KM
62005,ŠKODA SCALA,Oferta leasingu online,https://sklep.skoda-auto.pl/skoda-scala-1-5-tsi-110-kw-150-km-6-biegowa-manualna-blekit-race-metalizowany-tmbek6nw5m3126116.html,ŠKODA,SCALA,2021,1,KM,https://sklep.skoda-auto.pl/media/catalog/product/cache/779e34063ea37c481ddb6652b1f2b61e/2/f/2f05446f5b621505ca27c8a2dbc17304-TMBEK6NW5M3126116-EF.png,HATCHBACK,MANUAL,GASOLINE,HATCHBACK,FWD,TMBEK6NW5M3126116,EXCELLENT,103350 PLN,"{addr1: 'Połczyńska 125', city: 'Warszawa', region: 'Silesian Voivodeship', postal_code: '01-303', country: 'Poland'}",Błękit Race Metalizowany,1015.13 PLN,AVAILABLE,NEW,52.216105,20.875192,1.5 TSI 150 KM
