vehicle_id,title,description,url,make,model,year,mileage.value,mileage.unit,image[0].url,image[0].tag[0],transmission,fuel_type,body_style,drivetrain,vin,condition,price,address,exterior_color,sale_price,availability,state_of_vehicle,latitude,longitude,custom_label_0
62005,ŠKODA SCALA,Oferta leasingu online,https://sklep.skoda-auto.pl/skoda-scala-1-5-tsi-110-kw-150-km-6-biegowa-manualna-blekit-race-metalizowany-tmbek6nw5m3126116.html,ŠKODA,SCALA,2021,1,KM,https://sklep.skoda-auto.pl/media/catalog/product/cache/779e34063ea37c481ddb6652b1f2b61e/2/f/2f05446f5b621505ca27c8a2dbc17304-TMBEK6NW5M3126116-EF.png,HATCHBACK,MANUAL,GASOLINE,HATCHBACK,FWD,TMBEK6NW5M3126116,EXCELLENT,103350 PLN,"{addr1: 'Połczyńska 125', city: 'Warszawa', region: 'Silesian Voivodeship', postal_code: '01-303', country: 'Poland'}",Błękit Race Metalizowany,1015.13 PLN,AVAILABLE,NEW,52.216105,20.875192,1.5 TSI 150 KM
61159,ŠKODA SCALA,Oferta leasingu online,https://sklep.skoda-auto.pl/skoda-scala-1-5-tsi-110-kw-150-km-6-biegowa-manualna-szary-quartz-metalizowany-tmbek6nw6m3108515.html,ŠKODA,SCALA,2021,1,KM,https://sklep.skoda-auto.pl/media/catalog/product/cache/779e34063ea37c481ddb6652b1f2b61e/1/0/10915d33487fb5b5291d0bd7c584ac30-TMBEK6NW6M3108515-EF.png,HATCHBACK,MANUAL,GASOLINE,HATCHBACK,FWD,TMBEK6NW6M3108515,EXCELLENT,105250 PLN,"{addr1: 'Połczyńska 125', city: 'Warszawa', region: 'Silesian Voivodeship', postal_code: '01-303', country: 'Poland'}",Szary Quartz Metalizowany,1033.79 PLN,AVAILABLE,NEW,52.216105,20.875192,1.5 TSI 150 KM
63530,ŠKODA OCTAVIA COMBI,Oferta leasingu online,https://sklep.skoda-auto.pl/skoda-octavia-combi-1-5-tsi-110-kw-150-km-6-biegowa-manualna-czern-magic-metalizowany-tmbjr7nx9ny014805.html,ŠKODA,OCTAVIA COMBI,2021,1,KM,https://sklep.skoda-auto.pl/media/catalog/product/cache/779e34063ea37c481ddb6652b1f2b61e/8/c/8c7a4b8de3a1ff28b2b7f0a6a6c70e76-TMBJR7NX9NY014805-EF.png,WAGON,MANUAL,GASOLINE,WAGON,FWD,TMBJR7NX9NY014805,EXCELLENT,111500 PLN,"{addr1: 'Modlińska 224', city: 'Warszawa', region: 'Silesian Voivodeship', postal_code: '03-119', country: 'Poland'}",Czerń Magic Metalizowany,994.48 PLN,AVAILABLE,NEW,52.333327,20.964408,1.5 TSI 150 KM
63062,ŠKODA OCTAVIA COMBI,Oferta leasingu online,https://sklep.skoda-auto.pl/skoda-octavia-combi-1-5-tsi-110-kw-150-km-6-biegowa-manualna-biel-moon-metalizowany-tmbjr7nx5ny007737.html,ŠKODA,OCTAVIA COMBI,2021,1,KM,https://sklep.skoda-auto.pl/media/catalog/product/cache/779e34063ea37c481ddb6652b1f2b61e/0/2/02eac604193fec091e2a4345337ebc9c-TMBJR7NX5NY007737-EF.png,WAGON,MANUAL,GASOLINE,WAGON,FWD,TMBJR7NX5NY007737,EXCELLENT,124600 PLN,"{addr1: 'Hutnicza 2 A', city: 'Lubin', region: 'Silesian Voivodeship', postal_code: '59-300', country: 'Poland'}",Biel Moon Metalizowany,1111.32 PLN,AVAILABLE,NEW,51.411597,16.185118,1.5 TSI 150 KM
62799,ŠKODA OCTAVIA COMBI,Oferta leasingu online,https://sklep.skoda-auto.pl/skoda-octavia-combi-2-0-tdi-85-kw-115-km-6-biegowa-manualna-biel-moon-metalizowany-tmbjg7nxxmy183199.html,ŠKODA,OCTAVIA COMBI,2021,1,KM,https://sklep.skoda-auto.pl/media/catalog/product/cache/779e34063ea37c481ddb6652b1f2b61e/6/d/6d92d951c12a2b7f0f63cfe83e38266f-TMBJG7NXXMY183199-EF.png,WAGON,MANUAL,DIESEL,WAGON,FWD,TMBJG7NXXMY183199,EXCELLENT,118750 PLN,"{addr1: 'Piasecka 20 A', city: 'Świdnik', region: 'Silesian Voivodeship', postal_code: '21-040', country: 'Poland'}",Biel Moon Metalizowany,1454.13 PLN,AVAILABLE,NEW,51.212878,22.647,2.0 TDI 115 KM
63653,ŠKODA SUPERB SPORTLINE,Oferta leasingu online,https://sklep.skoda-auto.pl/skoda-superb-sportline-2-0-tdi-147-kw-200-km-7-biegowa-automatyczna-dsg-szary-steel-niemetalizowany-tmbar7np8m7078953.html,ŠKODA,SUPERB SPORTLINE,2021,1,KM,https://sklep.skoda-auto.pl/media/catalog/product/cache/779e34063ea37c481ddb6652b1f2b61e/5/3/53e1289360ea27fa4334bb34609db81e-TMBAR7NP8M7078953-EF.png,SEDAN,AUTOMATIC,DIESEL,SEDAN,FWD,TMBAR7NP8M7078953,EXCELLENT,188700 PLN,"{addr1: 'Hutnicza 2 A', city: 'Lubin', region: 'Silesian Voivodeship', postal_code: '59-300', country: 'Poland'}",Szary Steel Niemetalizowany,1953.95 PLN,AVAILABLE,NEW,51.411597,16.185118,2.0 TDI 200 KM
63550,ŠKODA FABIA COMBI CLASSIC,Oferta leasingu online,https://sklep.skoda-auto.pl/skoda-fabia-combi-classic-1-0-tsi-70-kw-95-km-5-biegowa-manualna-biel-moon-metalizowany-tmbjp6nj9nz007343.html,ŠKODA,FABIA COMBI CLASSIC,2021,1,KM,https://sklep.skoda-auto.pl/media/catalog/product/cache/779e34063ea37c481ddb6652b1f2b61e/e/b/ebd7fcdc9c69d77e7558005d123377ae-TMBJP6NJ9NZ007343-EF.png,WAGON,MANUAL,GASOLINE,WAGON,FWD,TMBJP6NJ9NZ007343,EXCELLENT,64000 PLN,"{addr1: ' Mielecka 592', city: 'Mielec', region: 'Silesian Voivodeship', postal_code: '39-300', country: 'Poland'}",Biel Moon Metalizowany,669.61 PLN,AVAILABLE,NEW,50.27775,21.38158,1.0 TSI 95 KM
63467,ŠKODA FABIA COMBI CLASSIC,Oferta leasingu online,https://sklep.skoda-auto.pl/skoda-fabia-combi-classic-1-0-mpi-44-kw-60-km-5-biegowa-manualna-blekit-energy-niemetalizowany-tmbja6nj2nz010389.html,ŠKODA,FABIA COMBI CLASSIC,2021,1,KM,https://sklep.skoda-auto.pl/media/catalog/product/cache/779e34063ea37c481ddb6652b1f2b61e/9/4/94e449544df9174a5733d432fd2de961-TMBJA6NJ2NZ010389-EF.png,WAGON,MANUAL,GASOLINE,WAGON,FWD,TMBJA6NJ2NZ010389,EXCELLENT,61400 PLN,"{addr1: 'Warszawska 84', city: 'Stojadła', region: 'Silesian Voivodeship', postal_code: '05-300', country: 'Poland'}",Błękit Energy Niemetalizowany,689.66 PLN,AVAILABLE,NEW,52.192068,21.526454,1.0 MPI 60 KM
63180,ŠKODA FABIA COMBI CLASSIC,Oferta leasingu online,https://sklep.skoda-auto.pl/skoda-fabia-combi-classic-1-0-tsi-70-kw-95-km-5-biegowa-manualna-biel-candy-niemetalizowany-tmbjp6nj0nz008073.html,ŠKODA,FABIA COMBI CLASSIC,2021,1,KM,https://sklep.skoda-auto.pl/media/catalog/product/cache/779e34063ea37c481ddb6652b1f2b61e/3/d/3d81361ff9482fef5e9ca7111bef83a7-TMBJP6NJ0NZ008073-EF.png,WAGON,MANUAL,GASOLINE,WAGON,FWD,TMBJP6NJ0NZ008073,EXCELLENT,67250 PLN,"{addr1: 'Opolska 2c', city: 'Opole', region: 'Silesian Voivodeship', postal_code: '45-960', country: 'Poland'}",Biel Candy Niemetalizowany,703.62 PLN,AVAILABLE,NEW,50.697196,17.876002,1.0 TSI 95 KM
63053,ŠKODA FABIA COMBI CLASSIC,Oferta leasingu online,https://sklep.skoda-auto.pl/skoda-fabia-combi-classic-1-0-tsi-70-kw-95-km-5-biegowa-manualna-blekit-race-metalizowany-tmbjp6njxnz007013.html,ŠKODA,FABIA COMBI CLASSIC,2021,1,KM,https://sklep.skoda-auto.pl/media/catalog/product/cache/779e34063ea37c481ddb6652b1f2b61e/e/2/e2652999c939833abc889a13bec8418e-TMBJP6NJXNZ007013-EF.png,WAGON,MANUAL,GASOLINE,WAGON,FWD,TMBJP6NJXNZ007013,EXCELLENT,67750 PLN,"{addr1: ' Mielecka 592', city: 'Mielec', region: 'Silesian Voivodeship', postal_code: '39-300', country: 'Poland'}",Błękit Race Metalizowany,708.85 PLN,AVAILABLE,NEW,50.27775,21.38158,1.0 TSI 95 KM
63572,ŠKODA FABIA COMBI CLASSIC,Oferta leasingu online,https://sklep.skoda-auto.pl/skoda-fabia-combi-classic-1-0-tsi-70-kw-95-km-5-biegowa-manualna-srebrny-brillant-metalizowany-tmbjp6nj3nz007810.html,ŠKODA,FABIA COMBI CLASSIC,2021,1,KM,https://sklep.skoda-auto.pl/media/catalog/product/cache/779e34063ea37c481ddb6652b1f2b61e/2/8/288f422a6d40d94720e503c2527dc242-TMBJP6NJ3NZ007810-EF.png,WAGON,MANUAL,GASOLINE,WAGON,FWD,TMBJP6NJ3NZ007810,EXCELLENT,68450 PLN,"{addr1: 'Krakowska 5/A', city: 'Falenty', region: 'Silesian Voivodeship', postal_code: '05-090', country: 'Poland'}",Srebrny Brillant Metalizowany,716.17 PLN,AVAILABLE,NEW,52.142074,20.906896,1.0 TSI 95 KM
63573,ŠKODA FABIA COMBI CLASSIC,Oferta leasingu online,https://sklep.skoda-auto.pl/skoda-fabia-combi-classic-1-0-tsi-70-kw-95-km-5-biegowa-manualna-srebrny-brillant-metalizowany-tmbjp6nj4nz007797.html,ŠKODA,FABIA COMBI CLASSIC,2021,1,KM,https://sklep.skoda-auto.pl/media/catalog/product/cache/779e34063ea37c481ddb6652b1f2b61e/2/8/288f422a6d40d94720e503c2527dc242-TMBJP6NJ4NZ007797-EF.png,WAGON,MANUAL,GASOLINE,WAGON,FWD,TMBJP6NJ4NZ007797,EXCELLENT,68450 PLN,"{addr1: 'Krakowska 5/A', city: 'Falenty', region: 'Silesian Voivodeship', postal_code: '05-090', country: 'Poland'}",Srebrny Brillant Metalizowany,716.17 PLN,AVAILABLE,NEW,52.142074,20.906896,1.0 TSI 95 KM
63725,ŠKODA FABIA COMBI CLASSIC,Oferta leasingu online,https://sklep.skoda-auto.pl/skoda-fabia-combi-classic-1-0-tsi-70-kw-95-km-5-biegowa-manualna-blekit-race-metalizowany-tmbjp6nj0nz010731.html,ŠKODA,FABIA COMBI CLASSIC,2021,1,KM,https://sklep.skoda-auto.pl/media/catalog/product/cache/779e34063ea37c481ddb6652b1f2b61e/d/0/d0843f933f4285d1ec437d6bd4931be9-TMBJP6NJ0NZ010731-EF.png,WAGON,MANUAL,GASOLINE,WAGON,FWD,TMBJP6NJ0NZ010731,EXCELLENT,68500 PLN,"{addr1: 'Makuszyńskiego 74/76', city: 'Częstochowa', region: 'Silesian Voivodeship', postal_code: '42-209', country: 'Poland'}",Błękit Race Metalizowany,716.70 PLN,AVAILABLE,NEW,50.852492,19.148825,1.0 TSI 95 KM
63164,ŠKODA FABIA COMBI CLASSIC,Oferta leasingu online,https://sklep.skoda-auto.pl/skoda-fabia-combi-classic-1-0-tsi-70-kw-95-km-5-biegowa-manualna-szary-quarz-metalizowany-tmbjp6nj5nz007517.html,ŠKODA,FABIA COMBI CLASSIC,2021,1,KM,https://sklep.skoda-auto.pl/media/catalog/product/cache/779e34063ea37c481ddb6652b1f2b61e/0/4/044a856e69aa68db6e6612f98f731b43-TMBJP6NJ5NZ007517-EF.png,WAGON,MANUAL,GASOLINE,WAGON,FWD,TMBJP6NJ5NZ007517,EXCELLENT,68500 PLN,"{addr1: 'Obornicka 249', city: 'Poznań', region: 'Silesian Voivodeship', postal_code: '60-693', country: 'Poland'}",Szary Quarz Metalizowany,716.70 PLN,AVAILABLE,NEW,52.448805,16.905748,1.0 TSI 95 KM
63207,ŠKODA FABIA COMBI CLASSIC,Oferta leasingu online,https://sklep.skoda-auto.pl/skoda-fabia-combi-classic-1-0-tsi-70-kw-95-km-5-biegowa-manualna-szary-quarz-metalizowany-tmbjp6njxnz008047.html,ŠKODA,FABIA COMBI CLASSIC,2021,1,KM,https://sklep.skoda-auto.pl/media/catalog/product/cache/779e34063ea37c481ddb6652b1f2b61e/0/4/044a856e69aa68db6e6612f98f731b43-TMBJP6NJXNZ008047-EF.png,WAGON,MANUAL,GASOLINE,WAGON,FWD,TMBJP6NJXNZ008047,EXCELLENT,68500 PLN,"{addr1: 'Obornicka 249', city: 'Poznań', region: 'Silesian Voivodeship', postal_code: '60-693', country: 'Poland'}",Szary Quarz Metalizowany,716.70 PLN,AVAILABLE,NEW,52.448805,16.905748,1.0 TSI 95 KM
63264,ŠKODA FABIA COMBI CLASSIC,Oferta leasingu online,https://sklep.skoda-auto.pl/skoda-fabia-combi-classic-1-0-tsi-70-kw-95-km-5-biegowa-manualna-szary-quarz-metalizowany-tmbjp6nj4nz008688.html,ŠKODA,FABIA COMBI CLASSIC,2021,1,KM,https://sklep.skoda-auto.pl/media/catalog/product/cache/779e34063ea37c481ddb6652b1f2b61e/0/4/044a856e69aa68db6e6612f98f731b43-TMBJP6NJ4NZ008688-EF.png,WAGON,MANUAL,GASOLINE,WAGON,FWD,TMBJP6NJ4NZ008688,EXCELLENT,68500 PLN,"{addr1: ' Mielecka 592', city: 'Mielec', region: 'Silesian Voivodeship', postal_code: '39-300', country: 'Poland'}",Szary Quarz Metalizowany,716.70 PLN,AVAILABLE,NEW,50.27775,21.38158,1.0 TSI 95 KM
63208,ŠKODA FABIA COMBI CLASSIC,Oferta leasingu online,https://sklep.skoda-auto.pl/skoda-fabia-combi-classic-1-0-tsi-70-kw-95-km-5-biegowa-manualna-szary-quarz-metalizowany-tmbjp6nj0nz008011.html,ŠKODA,FABIA COMBI CLASSIC,2021,1,KM,https://sklep.skoda-auto.pl/media/catalog/product/cache/779e34063ea37c481ddb6652b1f2b61e/0/4/044a856e69aa68db6e6612f98f731b43-TMBJP6NJ0NZ008011-EF.png,WAGON,MANUAL,GASOLINE,WAGON,FWD,TMBJP6NJ0NZ008011,EXCELLENT,68500 PLN,"{addr1: 'Obornicka 249', city: 'Poznań', region: 'Silesian Voivodeship', postal_code: '60-693', country: 'Poland'}",Szary Quarz Metalizowany,716.70 PLN,AVAILABLE,NEW,52.448805,16.905748,1.0 TSI 95 KM
63322,ŠKODA FABIA COMBI CLASSIC,Oferta leasingu online,https://sklep.skoda-auto.pl/skoda-fabia-combi-classic-1-0-mpi-44-kw-60-km-5-biegowa-manualna-srebrny-brillant-metalizowany-tmbja6nj1nz009251.html,ŠKODA,FABIA COMBI CLASSIC,2021,1,KM,https://sklep.skoda-auto.pl/media/catalog/product/cache/779e34063ea37c481ddb6652b1f2b61e/7/d/7dbe8cada16b8532383e7353f0e0e6c3-TMBJA6NJ1NZ009251-EF.png,WAGON,MANUAL,GASOLINE,WAGON,FWD,TMBJA6NJ1NZ009251,EXCELLENT,63850 PLN,"{addr1: 'Hutnicza 2 A', city: 'Lubin', region: 'Silesian Voivodeship', postal_code: '59-300', country: 'Poland'}",Srebrny Brillant Metalizowany,717.18 PLN,AVAILABLE,NEW,51.411597,16.185118,1.0 MPI 60 KM
63554,ŠKODA FABIA COMBI CLASSIC,Oferta leasingu online,https://sklep.skoda-auto.pl/skoda-fabia-combi-classic-1-0-tsi-70-kw-95-km-5-biegowa-manualna-biel-moon-metalizowany-tmbjp6nj5nz007579.html,ŠKODA,FABIA COMBI CLASSIC,2021,1,KM,https://sklep.skoda-auto.pl/media/catalog/product/cache/779e34063ea37c481ddb6652b1f2b61e/e/8/e8174d263dce35abca80375e044780f6-TMBJP6NJ5NZ007579-EF.png,WAGON,MANUAL,GASOLINE,WAGON,FWD,TMBJP6NJ5NZ007579,EXCELLENT,68900 PLN,"{addr1: 'Opolska 2c', city: 'Opole', region: 'Silesian Voivodeship', postal_code: '45-960', country: 'Poland'}",Biel Moon Metalizowany,720.88 PLN,AVAILABLE,NEW,50.697196,17.876002,1.0 TSI 95 KM
63549,ŠKODA FABIA COMBI CLASSIC,Oferta leasingu online,https://sklep.skoda-auto.pl/skoda-fabia-combi-classic-1-0-tsi-70-kw-95-km-5-biegowa-manualna-srebrny-brillant-metalizowany-tmbjp6nj3nz008598.html,ŠKODA,FABIA COMBI CLASSIC,2021,1,KM,https://sklep.skoda-auto.pl/media/catalog/product/cache/779e34063ea37c481ddb6652b1f2b61e/e/6/e6411e2516cd39eabbe5905e41c7d106-TMBJP6NJ3NZ008598-EF.png,WAGON,MANUAL,GASOLINE,WAGON,FWD,TMBJP6NJ3NZ008598,EXCELLENT,69100 PLN,"{addr1: ' Mielecka 592', city: 'Mielec', region: 'Silesian Voivodeship', postal_code: '39-300', country: 'Poland'}",Srebrny Brillant Metalizowany,722.97 PLN,AVAILABLE,NEW,50.27775,21.38158,1.0 TSI 95 KM
63054,ŠKODA FABIA COMBI CLASSIC,Oferta leasingu online,https://sklep.skoda-auto.pl/skoda-fabia-combi-classic-1-0-tsi-70-kw-95-km-5-biegowa-manualna-szary-quarz-metalizowany-tmbjp6nj1nz006896.html,ŠKODA,FABIA COMBI CLASSIC,2021,1,KM,https://sklep.skoda-auto.pl/media/catalog/product/cache/779e34063ea37c481ddb6652b1f2b61e/a/c/ac4c2721f6bcdacc8043737aa10a99cd-TMBJP6NJ1NZ006896-EF.png,WAGON,MANUAL,GASOLINE,WAGON,FWD,TMBJP6NJ1NZ006896,EXCELLENT,69250 PLN,"{addr1: ' Mielecka 592', city: 'Mielec', region: 'Silesian Voivodeship', postal_code: '39-300', country: 'Poland'}",Szary Quarz Metalizowany,724.54 PLN,AVAILABLE,NEW,50.27775,21.38158,1.0 TSI 95 KM
63362,ŠKODA FABIA COMBI CLASSIC,Oferta leasingu online,https://sklep.skoda-auto.pl/skoda-fabia-combi-classic-1-0-mpi-44-kw-60-km-5-biegowa-manualna-blekit-race-metalizowany-tmbja6nj9nz009126.html,ŠKODA,FABIA COMBI CLASSIC,2021,1,KM,https://sklep.skoda-auto.pl/media/catalog/product/cache/779e34063ea37c481ddb6652b1f2b61e/7/1/71267867527ba512eb180d8a31905d8b-TMBJA6NJ9NZ009126-EF.png,WAGON,MANUAL,GASOLINE,WAGON,FWD,TMBJA6NJ9NZ009126,EXCELLENT,64950 PLN,"{addr1: 'Makuszyńskiego 74/76', city: 'Częstochowa', region: 'Silesian Voivodeship', postal_code: '42-209', country: 'Poland'}",Błękit Race Metalizowany,729.53 PLN,AVAILABLE,NEW,50.852492,19.148825,1.0 MPI 60 KM
63425,ŠKODA FABIA COMBI CLASSIC,Oferta leasingu online,https://sklep.skoda-auto.pl/skoda-fabia-combi-classic-1-0-tsi-70-kw-95-km-5-biegowa-manualna-srebrny-brillant-metalizowany-tmbjp6nj2nz009614.html,ŠKODA,FABIA COMBI CLASSIC,2021,1,KM,https://sklep.skoda-auto.pl/media/catalog/product/cache/779e34063ea37c481ddb6652b1f2b61e/1/b/1bb210e913b1876fbd9fc20864584f4b-TMBJP6NJ2NZ009614-EF.png,WAGON,MANUAL,GASOLINE,WAGON,FWD,TMBJP6NJ2NZ009614,EXCELLENT,69850 PLN,"{addr1: 'Opolska 2c', city: 'Opole', region: 'Silesian Voivodeship', postal_code: '45-960', country: 'Poland'}",Srebrny Brillant Metalizowany,730.82 PLN,AVAILABLE,NEW,50.697196,17.876002,1.0 TSI 95 KM
63266,ŠKODA FABIA COMBI CLASSIC,Oferta leasingu online,https://sklep.skoda-auto.pl/skoda-fabia-combi-classic-1-0-tsi-70-kw-95-km-5-biegowa-manualna-szary-quarz-metalizowany-tmbjp6nj2nz008771.html,ŠKODA,FABIA COMBI CLASSIC,2021,1,KM,https://sklep.skoda-auto.pl/media/catalog/product/cache/779e34063ea37c481ddb6652b1f2b61e/2/b/2bc90a6cd7e2093527020c54875d28dd-TMBJP6NJ2NZ008771-EF.png,WAGON,MANUAL,GASOLINE,WAGON,FWD,TMBJP6NJ2NZ008771,EXCELLENT,69850 PLN,"{addr1: 'Opolska 2c', city: 'Opole', region: 'Silesian Voivodeship', postal_code: '45-960', country: 'Poland'}",Szary Quarz Metalizowany,730.82 PLN,AVAILABLE,NEW,50.697196,17.876002,1.0 TSI 95 KM
